<?xml version="1.0" encoding="utf-8"?>
<avolites.macros>
  <macro id="Add_Trigger_For_One_APC_MINI_MK1">
    <name>Add Trigger For One APC_MINI_MK1</name>
    <sequence>
          <step pause="0.01">Triggers.AddMapping("APC_MINI_MK1", 8655)</step>
          <step pause="0.01">Triggers.SelectMappingByName("APC_MINI_MK1")</step>
          <step pause="0.01">Triggers.SetPendingTargetHardware("PlaybackTouch", Math.ToEnum("", "Avolites.Menus.MenuEventTypes", OnSelect), "PlaybackWindow", 0, "Touch")</step>
          <step pause="0.01">Triggers.AddSAcnTrigger(Triggers.SelectedMappingId, Triggers.PendingTriggerTarget, 101, 56, 1, false)</step>
          <step pause="0.01">Triggers.ClearPendingTrigger()</step>
          <step pause="0.01">Triggers.ClearSelectedMapping()</step>
          <step pause="0.01">Triggers.SelectMappingByName("APC_MINI_MK1")</step>
          <step pause="0.01">Triggers.SetPendingTargetHardware("PlaybackTouch", Math.ToEnum("", "Avolites.Menus.MenuEventTypes", OnSelect), "PlaybackWindow", 1, "Touch")</step>
          <step pause="0.01">Triggers.AddSAcnTrigger(Triggers.SelectedMappingId, Triggers.PendingTriggerTarget, 101, 57, 1, false)</step>
          <step pause="0.01">Triggers.ClearPendingTrigger()</step>
          <step pause="0.01">Triggers.ClearSelectedMapping()</step>
          <step pause="0.01">Triggers.SelectMappingByName("APC_MINI_MK1")</step>
          <step pause="0.01">Triggers.SetPendingTargetHardware("PlaybackTouch", Math.ToEnum("", "Avolites.Menus.MenuEventTypes", OnSelect), "PlaybackWindow", 2, "Touch")</step>
          <step pause="0.01">Triggers.AddSAcnTrigger(Triggers.SelectedMappingId, Triggers.PendingTriggerTarget, 101, 58, 1, false)</step>
          <step pause="0.01">Triggers.ClearPendingTrigger()</step>
          <step pause="0.01">Triggers.ClearSelectedMapping()</step>
          <step pause="0.01">Triggers.SelectMappingByName("APC_MINI_MK1")</step>
          <step pause="0.01">Triggers.SetPendingTargetHardware("PlaybackTouch", Math.ToEnum("", "Avolites.Menus.MenuEventTypes", OnSelect), "PlaybackWindow", 3, "Touch")</step>
          <step pause="0.01">Triggers.AddSAcnTrigger(Triggers.SelectedMappingId, Triggers.PendingTriggerTarget, 101, 59, 1, false)</step>
          <step pause="0.01">Triggers.ClearPendingTrigger()</step>
          <step pause="0.01">Triggers.ClearSelectedMapping()</step>
          <step pause="0.01">Triggers.SelectMappingByName("APC_MINI_MK1")</step>
          <step pause="0.01">Triggers.SetPendingTargetHardware("PlaybackTouch", Math.ToEnum("", "Avolites.Menus.MenuEventTypes", OnSelect), "PlaybackWindow", 4, "Touch")</step>
          <step pause="0.01">Triggers.AddSAcnTrigger(Triggers.SelectedMappingId, Triggers.PendingTriggerTarget, 101, 60, 1, false)</step>
          <step pause="0.01">Triggers.ClearPendingTrigger()</step>
          <step pause="0.01">Triggers.ClearSelectedMapping()</step>
          <step pause="0.01">Triggers.SelectMappingByName("APC_MINI_MK1")</step>
          <step pause="0.01">Triggers.SetPendingTargetHardware("PlaybackTouch", Math.ToEnum("", "Avolites.Menus.MenuEventTypes", OnSelect), "PlaybackWindow", 5, "Touch")</step>
          <step pause="0.01">Triggers.AddSAcnTrigger(Triggers.SelectedMappingId, Triggers.PendingTriggerTarget, 101, 61, 1, false)</step>
          <step pause="0.01">Triggers.ClearPendingTrigger()</step>
          <step pause="0.01">Triggers.ClearSelectedMapping()</step>
          <step pause="0.01">Triggers.SelectMappingByName("APC_MINI_MK1")</step>
          <step pause="0.01">Triggers.SetPendingTargetHardware("PlaybackTouch", Math.ToEnum("", "Avolites.Menus.MenuEventTypes", OnSelect), "PlaybackWindow", 6, "Touch")</step>
          <step pause="0.01">Triggers.AddSAcnTrigger(Triggers.SelectedMappingId, Triggers.PendingTriggerTarget, 101, 62, 1, false)</step>
          <step pause="0.01">Triggers.ClearPendingTrigger()</step>
          <step pause="0.01">Triggers.ClearSelectedMapping()</step>
          <step pause="0.01">Triggers.SelectMappingByName("APC_MINI_MK1")</step>
          <step pause="0.01">Triggers.SetPendingTargetHardware("PlaybackTouch", Math.ToEnum("", "Avolites.Menus.MenuEventTypes", OnSelect), "PlaybackWindow", 7, "Touch")</step>
          <step pause="0.01">Triggers.AddSAcnTrigger(Triggers.SelectedMappingId, Triggers.PendingTriggerTarget, 101, 63, 1, false)</step>
          <step pause="0.01">Triggers.ClearPendingTrigger()</step>
          <step pause="0.01">Triggers.ClearSelectedMapping()</step>
          <step pause="0.01">Triggers.SelectMappingByName("APC_MINI_MK1")</step>
          <step pause="0.01">Triggers.SetPendingTargetHardware("PlaybackTouch", Math.ToEnum("", "Avolites.Menus.MenuEventTypes", OnSelect), "PlaybackWindow", 8, "Touch")</step>
          <step pause="0.01">Triggers.AddSAcnTrigger(Triggers.SelectedMappingId, Triggers.PendingTriggerTarget, 101, 82, 1, false)</step>
          <step pause="0.01">Triggers.ClearPendingTrigger()</step>
          <step pause="0.01">Triggers.ClearSelectedMapping()</step>
          <step pause="0.01">Triggers.SelectMappingByName("APC_MINI_MK1")</step>
          <step pause="0.01">Triggers.SetPendingTargetHardware("PlaybackTouch", Math.ToEnum("", "Avolites.Menus.MenuEventTypes", OnSelect), "PlaybackWindow", 9, "Touch")</step>
          <step pause="0.01">Triggers.AddSAcnTrigger(Triggers.SelectedMappingId, Triggers.PendingTriggerTarget, 101, 48, 1, false)</step>
          <step pause="0.01">Triggers.ClearPendingTrigger()</step>
          <step pause="0.01">Triggers.ClearSelectedMapping()</step>
          <step pause="0.01">Triggers.SelectMappingByName("APC_MINI_MK1")</step>
          <step pause="0.01">Triggers.SetPendingTargetHardware("PlaybackTouch", Math.ToEnum("", "Avolites.Menus.MenuEventTypes", OnSelect), "PlaybackWindow", 10, "Touch")</step>
          <step pause="0.01">Triggers.AddSAcnTrigger(Triggers.SelectedMappingId, Triggers.PendingTriggerTarget, 101, 49, 1, false)</step>
          <step pause="0.01">Triggers.ClearPendingTrigger()</step>
          <step pause="0.01">Triggers.ClearSelectedMapping()</step>
          <step pause="0.01">Triggers.SelectMappingByName("APC_MINI_MK1")</step>
          <step pause="0.01">Triggers.SetPendingTargetHardware("PlaybackTouch", Math.ToEnum("", "Avolites.Menus.MenuEventTypes", OnSelect), "PlaybackWindow", 11, "Touch")</step>
          <step pause="0.01">Triggers.AddSAcnTrigger(Triggers.SelectedMappingId, Triggers.PendingTriggerTarget, 101, 50, 1, false)</step>
          <step pause="0.01">Triggers.ClearPendingTrigger()</step>
          <step pause="0.01">Triggers.ClearSelectedMapping()</step>
          <step pause="0.01">Triggers.SelectMappingByName("APC_MINI_MK1")</step>
          <step pause="0.01">Triggers.SetPendingTargetHardware("PlaybackTouch", Math.ToEnum("", "Avolites.Menus.MenuEventTypes", OnSelect), "PlaybackWindow", 12, "Touch")</step>
          <step pause="0.01">Triggers.AddSAcnTrigger(Triggers.SelectedMappingId, Triggers.PendingTriggerTarget, 101, 51, 1, false)</step>
          <step pause="0.01">Triggers.ClearPendingTrigger()</step>
          <step pause="0.01">Triggers.ClearSelectedMapping()</step>
          <step pause="0.01">Triggers.SelectMappingByName("APC_MINI_MK1")</step>
          <step pause="0.01">Triggers.SetPendingTargetHardware("PlaybackTouch", Math.ToEnum("", "Avolites.Menus.MenuEventTypes", OnSelect), "PlaybackWindow", 13, "Touch")</step>
          <step pause="0.01">Triggers.AddSAcnTrigger(Triggers.SelectedMappingId, Triggers.PendingTriggerTarget, 101, 52, 1, false)</step>
          <step pause="0.01">Triggers.ClearPendingTrigger()</step>
          <step pause="0.01">Triggers.ClearSelectedMapping()</step>
          <step pause="0.01">Triggers.SelectMappingByName("APC_MINI_MK1")</step>
          <step pause="0.01">Triggers.SetPendingTargetHardware("PlaybackTouch", Math.ToEnum("", "Avolites.Menus.MenuEventTypes", OnSelect), "PlaybackWindow", 14, "Touch")</step>
          <step pause="0.01">Triggers.AddSAcnTrigger(Triggers.SelectedMappingId, Triggers.PendingTriggerTarget, 101, 53, 1, false)</step>
          <step pause="0.01">Triggers.ClearPendingTrigger()</step>
          <step pause="0.01">Triggers.ClearSelectedMapping()</step>
          <step pause="0.01">Triggers.SelectMappingByName("APC_MINI_MK1")</step>
          <step pause="0.01">Triggers.SetPendingTargetHardware("PlaybackTouch", Math.ToEnum("", "Avolites.Menus.MenuEventTypes", OnSelect), "PlaybackWindow", 15, "Touch")</step>
          <step pause="0.01">Triggers.AddSAcnTrigger(Triggers.SelectedMappingId, Triggers.PendingTriggerTarget, 101, 54, 1, false)</step>
          <step pause="0.01">Triggers.ClearPendingTrigger()</step>
          <step pause="0.01">Triggers.ClearSelectedMapping()</step>
          <step pause="0.01">Triggers.SelectMappingByName("APC_MINI_MK1")</step>
          <step pause="0.01">Triggers.SetPendingTargetHardware("PlaybackTouch", Math.ToEnum("", "Avolites.Menus.MenuEventTypes", OnSelect), "PlaybackWindow", 16, "Touch")</step>
          <step pause="0.01">Triggers.AddSAcnTrigger(Triggers.SelectedMappingId, Triggers.PendingTriggerTarget, 101, 55, 1, false)</step>
          <step pause="0.01">Triggers.ClearPendingTrigger()</step>
          <step pause="0.01">Triggers.ClearSelectedMapping()</step>
          <step pause="0.01">Triggers.SelectMappingByName("APC_MINI_MK1")</step>
          <step pause="0.01">Triggers.SetPendingTargetHardware("PlaybackTouch", Math.ToEnum("", "Avolites.Menus.MenuEventTypes", OnSelect), "PlaybackWindow", 17, "Touch")</step>
          <step pause="0.01">Triggers.AddSAcnTrigger(Triggers.SelectedMappingId, Triggers.PendingTriggerTarget, 101, 83, 1, false)</step>
          <step pause="0.01">Triggers.ClearPendingTrigger()</step>
          <step pause="0.01">Triggers.ClearSelectedMapping()</step>
          <step pause="0.01">Triggers.SelectMappingByName("APC_MINI_MK1")</step>
          <step pause="0.01">Triggers.SetPendingTargetHardware("PlaybackTouch", Math.ToEnum("", "Avolites.Menus.MenuEventTypes", OnSelect), "PlaybackWindow", 18, "Touch")</step>
          <step pause="0.01">Triggers.AddSAcnTrigger(Triggers.SelectedMappingId, Triggers.PendingTriggerTarget, 101, 40, 1, false)</step>
          <step pause="0.01">Triggers.ClearPendingTrigger()</step>
          <step pause="0.01">Triggers.ClearSelectedMapping()</step>
          <step pause="0.01">Triggers.SelectMappingByName("APC_MINI_MK1")</step>
          <step pause="0.01">Triggers.SetPendingTargetHardware("PlaybackTouch", Math.ToEnum("", "Avolites.Menus.MenuEventTypes", OnSelect), "PlaybackWindow", 19, "Touch")</step>
          <step pause="0.01">Triggers.AddSAcnTrigger(Triggers.SelectedMappingId, Triggers.PendingTriggerTarget, 101, 41, 1, false)</step>
          <step pause="0.01">Triggers.ClearPendingTrigger()</step>
          <step pause="0.01">Triggers.ClearSelectedMapping()</step>
          <step pause="0.01">Triggers.SelectMappingByName("APC_MINI_MK1")</step>
          <step pause="0.01">Triggers.SetPendingTargetHardware("PlaybackTouch", Math.ToEnum("", "Avolites.Menus.MenuEventTypes", OnSelect), "PlaybackWindow", 20, "Touch")</step>
          <step pause="0.01">Triggers.AddSAcnTrigger(Triggers.SelectedMappingId, Triggers.PendingTriggerTarget, 101, 42, 1, false)</step>
          <step pause="0.01">Triggers.ClearPendingTrigger()</step>
          <step pause="0.01">Triggers.ClearSelectedMapping()</step>
          <step pause="0.01">Triggers.SelectMappingByName("APC_MINI_MK1")</step>
          <step pause="0.01">Triggers.SetPendingTargetHardware("PlaybackTouch", Math.ToEnum("", "Avolites.Menus.MenuEventTypes", OnSelect), "PlaybackWindow", 21, "Touch")</step>
          <step pause="0.01">Triggers.AddSAcnTrigger(Triggers.SelectedMappingId, Triggers.PendingTriggerTarget, 101, 43, 1, false)</step>
          <step pause="0.01">Triggers.ClearPendingTrigger()</step>
          <step pause="0.01">Triggers.ClearSelectedMapping()</step>
          <step pause="0.01">Triggers.SelectMappingByName("APC_MINI_MK1")</step>
          <step pause="0.01">Triggers.SetPendingTargetHardware("PlaybackTouch", Math.ToEnum("", "Avolites.Menus.MenuEventTypes", OnSelect), "PlaybackWindow", 22, "Touch")</step>
          <step pause="0.01">Triggers.AddSAcnTrigger(Triggers.SelectedMappingId, Triggers.PendingTriggerTarget, 101, 44, 1, false)</step>
          <step pause="0.01">Triggers.ClearPendingTrigger()</step>
          <step pause="0.01">Triggers.ClearSelectedMapping()</step>
          <step pause="0.01">Triggers.SelectMappingByName("APC_MINI_MK1")</step>
          <step pause="0.01">Triggers.SetPendingTargetHardware("PlaybackTouch", Math.ToEnum("", "Avolites.Menus.MenuEventTypes", OnSelect), "PlaybackWindow", 23, "Touch")</step>
          <step pause="0.01">Triggers.AddSAcnTrigger(Triggers.SelectedMappingId, Triggers.PendingTriggerTarget, 101, 45, 1, false)</step>
          <step pause="0.01">Triggers.ClearPendingTrigger()</step>
          <step pause="0.01">Triggers.ClearSelectedMapping()</step>
          <step pause="0.01">Triggers.SelectMappingByName("APC_MINI_MK1")</step>
          <step pause="0.01">Triggers.SetPendingTargetHardware("PlaybackTouch", Math.ToEnum("", "Avolites.Menus.MenuEventTypes", OnSelect), "PlaybackWindow", 24, "Touch")</step>
          <step pause="0.01">Triggers.AddSAcnTrigger(Triggers.SelectedMappingId, Triggers.PendingTriggerTarget, 101, 46, 1, false)</step>
          <step pause="0.01">Triggers.ClearPendingTrigger()</step>
          <step pause="0.01">Triggers.ClearSelectedMapping()</step>
          <step pause="0.01">Triggers.SelectMappingByName("APC_MINI_MK1")</step>
          <step pause="0.01">Triggers.SetPendingTargetHardware("PlaybackTouch", Math.ToEnum("", "Avolites.Menus.MenuEventTypes", OnSelect), "PlaybackWindow", 25, "Touch")</step>
          <step pause="0.01">Triggers.AddSAcnTrigger(Triggers.SelectedMappingId, Triggers.PendingTriggerTarget, 101, 47, 1, false)</step>
          <step pause="0.01">Triggers.ClearPendingTrigger()</step>
          <step pause="0.01">Triggers.ClearSelectedMapping()</step>
          <step pause="0.01">Triggers.SelectMappingByName("APC_MINI_MK1")</step>
          <step pause="0.01">Triggers.SetPendingTargetHardware("PlaybackTouch", Math.ToEnum("", "Avolites.Menus.MenuEventTypes", OnSelect), "PlaybackWindow", 26, "Touch")</step>
          <step pause="0.01">Triggers.AddSAcnTrigger(Triggers.SelectedMappingId, Triggers.PendingTriggerTarget, 101, 84, 1, false)</step>
          <step pause="0.01">Triggers.ClearPendingTrigger()</step>
          <step pause="0.01">Triggers.ClearSelectedMapping()</step>
          <step pause="0.01">Triggers.SelectMappingByName("APC_MINI_MK1")</step>
          <step pause="0.01">Triggers.SetPendingTargetHardware("PlaybackTouch", Math.ToEnum("", "Avolites.Menus.MenuEventTypes", OnSelect), "PlaybackWindow", 27, "Touch")</step>
          <step pause="0.01">Triggers.AddSAcnTrigger(Triggers.SelectedMappingId, Triggers.PendingTriggerTarget, 101, 32, 1, false)</step>
          <step pause="0.01">Triggers.ClearPendingTrigger()</step>
          <step pause="0.01">Triggers.ClearSelectedMapping()</step>
          <step pause="0.01">Triggers.SelectMappingByName("APC_MINI_MK1")</step>
          <step pause="0.01">Triggers.SetPendingTargetHardware("PlaybackTouch", Math.ToEnum("", "Avolites.Menus.MenuEventTypes", OnSelect), "PlaybackWindow", 28, "Touch")</step>
          <step pause="0.01">Triggers.AddSAcnTrigger(Triggers.SelectedMappingId, Triggers.PendingTriggerTarget, 101, 33, 1, false)</step>
          <step pause="0.01">Triggers.ClearPendingTrigger()</step>
          <step pause="0.01">Triggers.ClearSelectedMapping()</step>
          <step pause="0.01">Triggers.SelectMappingByName("APC_MINI_MK1")</step>
          <step pause="0.01">Triggers.SetPendingTargetHardware("PlaybackTouch", Math.ToEnum("", "Avolites.Menus.MenuEventTypes", OnSelect), "PlaybackWindow", 29, "Touch")</step>
          <step pause="0.01">Triggers.AddSAcnTrigger(Triggers.SelectedMappingId, Triggers.PendingTriggerTarget, 101, 34, 1, false)</step>
          <step pause="0.01">Triggers.ClearPendingTrigger()</step>
          <step pause="0.01">Triggers.ClearSelectedMapping()</step>
          <step pause="0.01">Triggers.SelectMappingByName("APC_MINI_MK1")</step>
          <step pause="0.01">Triggers.SetPendingTargetHardware("PlaybackTouch", Math.ToEnum("", "Avolites.Menus.MenuEventTypes", OnSelect), "PlaybackWindow", 30, "Touch")</step>
          <step pause="0.01">Triggers.AddSAcnTrigger(Triggers.SelectedMappingId, Triggers.PendingTriggerTarget, 101, 35, 1, false)</step>
          <step pause="0.01">Triggers.ClearPendingTrigger()</step>
          <step pause="0.01">Triggers.ClearSelectedMapping()</step>
          <step pause="0.01">Triggers.SelectMappingByName("APC_MINI_MK1")</step>
          <step pause="0.01">Triggers.SetPendingTargetHardware("PlaybackTouch", Math.ToEnum("", "Avolites.Menus.MenuEventTypes", OnSelect), "PlaybackWindow", 31, "Touch")</step>
          <step pause="0.01">Triggers.AddSAcnTrigger(Triggers.SelectedMappingId, Triggers.PendingTriggerTarget, 101, 36, 1, false)</step>
          <step pause="0.01">Triggers.ClearPendingTrigger()</step>
          <step pause="0.01">Triggers.ClearSelectedMapping()</step>
          <step pause="0.01">Triggers.SelectMappingByName("APC_MINI_MK1")</step>
          <step pause="0.01">Triggers.SetPendingTargetHardware("PlaybackTouch", Math.ToEnum("", "Avolites.Menus.MenuEventTypes", OnSelect), "PlaybackWindow", 32, "Touch")</step>
          <step pause="0.01">Triggers.AddSAcnTrigger(Triggers.SelectedMappingId, Triggers.PendingTriggerTarget, 101, 37, 1, false)</step>
          <step pause="0.01">Triggers.ClearPendingTrigger()</step>
          <step pause="0.01">Triggers.ClearSelectedMapping()</step>
          <step pause="0.01">Triggers.SelectMappingByName("APC_MINI_MK1")</step>
          <step pause="0.01">Triggers.SetPendingTargetHardware("PlaybackTouch", Math.ToEnum("", "Avolites.Menus.MenuEventTypes", OnSelect), "PlaybackWindow", 33, "Touch")</step>
          <step pause="0.01">Triggers.AddSAcnTrigger(Triggers.SelectedMappingId, Triggers.PendingTriggerTarget, 101, 38, 1, false)</step>
          <step pause="0.01">Triggers.ClearPendingTrigger()</step>
          <step pause="0.01">Triggers.ClearSelectedMapping()</step>
          <step pause="0.01">Triggers.SelectMappingByName("APC_MINI_MK1")</step>
          <step pause="0.01">Triggers.SetPendingTargetHardware("PlaybackTouch", Math.ToEnum("", "Avolites.Menus.MenuEventTypes", OnSelect), "PlaybackWindow", 34, "Touch")</step>
          <step pause="0.01">Triggers.AddSAcnTrigger(Triggers.SelectedMappingId, Triggers.PendingTriggerTarget, 101, 39, 1, false)</step>
          <step pause="0.01">Triggers.ClearPendingTrigger()</step>
          <step pause="0.01">Triggers.ClearSelectedMapping()</step>
          <step pause="0.01">Triggers.SelectMappingByName("APC_MINI_MK1")</step>
          <step pause="0.01">Triggers.SetPendingTargetHardware("PlaybackTouch", Math.ToEnum("", "Avolites.Menus.MenuEventTypes", OnSelect), "PlaybackWindow", 35, "Touch")</step>
          <step pause="0.01">Triggers.AddSAcnTrigger(Triggers.SelectedMappingId, Triggers.PendingTriggerTarget, 101, 85, 1, false)</step>
          <step pause="0.01">Triggers.ClearPendingTrigger()</step>
          <step pause="0.01">Triggers.ClearSelectedMapping()</step>
          <step pause="0.01">Triggers.SelectMappingByName("APC_MINI_MK1")</step>
          <step pause="0.01">Triggers.SetPendingTargetHardware("PlaybackTouch", Math.ToEnum("", "Avolites.Menus.MenuEventTypes", OnSelect), "PlaybackWindow", 36, "Touch")</step>
          <step pause="0.01">Triggers.AddSAcnTrigger(Triggers.SelectedMappingId, Triggers.PendingTriggerTarget, 101, 24, 1, false)</step>
          <step pause="0.01">Triggers.ClearPendingTrigger()</step>
          <step pause="0.01">Triggers.ClearSelectedMapping()</step>
          <step pause="0.01">Triggers.SelectMappingByName("APC_MINI_MK1")</step>
          <step pause="0.01">Triggers.SetPendingTargetHardware("PlaybackTouch", Math.ToEnum("", "Avolites.Menus.MenuEventTypes", OnSelect), "PlaybackWindow", 37, "Touch")</step>
          <step pause="0.01">Triggers.AddSAcnTrigger(Triggers.SelectedMappingId, Triggers.PendingTriggerTarget, 101, 25, 1, false)</step>
          <step pause="0.01">Triggers.ClearPendingTrigger()</step>
          <step pause="0.01">Triggers.ClearSelectedMapping()</step>
          <step pause="0.01">Triggers.SelectMappingByName("APC_MINI_MK1")</step>
          <step pause="0.01">Triggers.SetPendingTargetHardware("PlaybackTouch", Math.ToEnum("", "Avolites.Menus.MenuEventTypes", OnSelect), "PlaybackWindow", 38, "Touch")</step>
          <step pause="0.01">Triggers.AddSAcnTrigger(Triggers.SelectedMappingId, Triggers.PendingTriggerTarget, 101, 26, 1, false)</step>
          <step pause="0.01">Triggers.ClearPendingTrigger()</step>
          <step pause="0.01">Triggers.ClearSelectedMapping()</step>
          <step pause="0.01">Triggers.SelectMappingByName("APC_MINI_MK1")</step>
          <step pause="0.01">Triggers.SetPendingTargetHardware("PlaybackTouch", Math.ToEnum("", "Avolites.Menus.MenuEventTypes", OnSelect), "PlaybackWindow", 39, "Touch")</step>
          <step pause="0.01">Triggers.AddSAcnTrigger(Triggers.SelectedMappingId, Triggers.PendingTriggerTarget, 101, 27, 1, false)</step>
          <step pause="0.01">Triggers.ClearPendingTrigger()</step>
          <step pause="0.01">Triggers.ClearSelectedMapping()</step>
          <step pause="0.01">Triggers.SelectMappingByName("APC_MINI_MK1")</step>
          <step pause="0.01">Triggers.SetPendingTargetHardware("PlaybackTouch", Math.ToEnum("", "Avolites.Menus.MenuEventTypes", OnSelect), "PlaybackWindow", 40, "Touch")</step>
          <step pause="0.01">Triggers.AddSAcnTrigger(Triggers.SelectedMappingId, Triggers.PendingTriggerTarget, 101, 28, 1, false)</step>
          <step pause="0.01">Triggers.ClearPendingTrigger()</step>
          <step pause="0.01">Triggers.ClearSelectedMapping()</step>
          <step pause="0.01">Triggers.SelectMappingByName("APC_MINI_MK1")</step>
          <step pause="0.01">Triggers.SetPendingTargetHardware("PlaybackTouch", Math.ToEnum("", "Avolites.Menus.MenuEventTypes", OnSelect), "PlaybackWindow", 41, "Touch")</step>
          <step pause="0.01">Triggers.AddSAcnTrigger(Triggers.SelectedMappingId, Triggers.PendingTriggerTarget, 101, 29, 1, false)</step>
          <step pause="0.01">Triggers.ClearPendingTrigger()</step>
          <step pause="0.01">Triggers.ClearSelectedMapping()</step>
          <step pause="0.01">Triggers.SelectMappingByName("APC_MINI_MK1")</step>
          <step pause="0.01">Triggers.SetPendingTargetHardware("PlaybackTouch", Math.ToEnum("", "Avolites.Menus.MenuEventTypes", OnSelect), "PlaybackWindow", 42, "Touch")</step>
          <step pause="0.01">Triggers.AddSAcnTrigger(Triggers.SelectedMappingId, Triggers.PendingTriggerTarget, 101, 30, 1, false)</step>
          <step pause="0.01">Triggers.ClearPendingTrigger()</step>
          <step pause="0.01">Triggers.ClearSelectedMapping()</step>
          <step pause="0.01">Triggers.SelectMappingByName("APC_MINI_MK1")</step>
          <step pause="0.01">Triggers.SetPendingTargetHardware("PlaybackTouch", Math.ToEnum("", "Avolites.Menus.MenuEventTypes", OnSelect), "PlaybackWindow", 43, "Touch")</step>
          <step pause="0.01">Triggers.AddSAcnTrigger(Triggers.SelectedMappingId, Triggers.PendingTriggerTarget, 101, 31, 1, false)</step>
          <step pause="0.01">Triggers.ClearPendingTrigger()</step>
          <step pause="0.01">Triggers.ClearSelectedMapping()</step>
          <step pause="0.01">Triggers.SelectMappingByName("APC_MINI_MK1")</step>
          <step pause="0.01">Triggers.SetPendingTargetHardware("PlaybackTouch", Math.ToEnum("", "Avolites.Menus.MenuEventTypes", OnSelect), "PlaybackWindow", 44, "Touch")</step>
          <step pause="0.01">Triggers.AddSAcnTrigger(Triggers.SelectedMappingId, Triggers.PendingTriggerTarget, 101, 86, 1, false)</step>
          <step pause="0.01">Triggers.ClearPendingTrigger()</step>
          <step pause="0.01">Triggers.ClearSelectedMapping()</step>
          <step pause="0.01">Triggers.SelectMappingByName("APC_MINI_MK1")</step>
          <step pause="0.01">Triggers.SetPendingTargetHardware("PlaybackTouch", Math.ToEnum("", "Avolites.Menus.MenuEventTypes", OnSelect), "PlaybackWindow", 45, "Touch")</step>
          <step pause="0.01">Triggers.AddSAcnTrigger(Triggers.SelectedMappingId, Triggers.PendingTriggerTarget, 101, 16, 1, false)</step>
          <step pause="0.01">Triggers.ClearPendingTrigger()</step>
          <step pause="0.01">Triggers.ClearSelectedMapping()</step>
          <step pause="0.01">Triggers.SelectMappingByName("APC_MINI_MK1")</step>
          <step pause="0.01">Triggers.SetPendingTargetHardware("PlaybackTouch", Math.ToEnum("", "Avolites.Menus.MenuEventTypes", OnSelect), "PlaybackWindow", 46, "Touch")</step>
          <step pause="0.01">Triggers.AddSAcnTrigger(Triggers.SelectedMappingId, Triggers.PendingTriggerTarget, 101, 17, 1, false)</step>
          <step pause="0.01">Triggers.ClearPendingTrigger()</step>
          <step pause="0.01">Triggers.ClearSelectedMapping()</step>
          <step pause="0.01">Triggers.SelectMappingByName("APC_MINI_MK1")</step>
          <step pause="0.01">Triggers.SetPendingTargetHardware("PlaybackTouch", Math.ToEnum("", "Avolites.Menus.MenuEventTypes", OnSelect), "PlaybackWindow", 47, "Touch")</step>
          <step pause="0.01">Triggers.AddSAcnTrigger(Triggers.SelectedMappingId, Triggers.PendingTriggerTarget, 101, 18, 1, false)</step>
          <step pause="0.01">Triggers.ClearPendingTrigger()</step>
          <step pause="0.01">Triggers.ClearSelectedMapping()</step>
          <step pause="0.01">Triggers.SelectMappingByName("APC_MINI_MK1")</step>
          <step pause="0.01">Triggers.SetPendingTargetHardware("PlaybackTouch", Math.ToEnum("", "Avolites.Menus.MenuEventTypes", OnSelect), "PlaybackWindow", 48, "Touch")</step>
          <step pause="0.01">Triggers.AddSAcnTrigger(Triggers.SelectedMappingId, Triggers.PendingTriggerTarget, 101, 19, 1, false)</step>
          <step pause="0.01">Triggers.ClearPendingTrigger()</step>
          <step pause="0.01">Triggers.ClearSelectedMapping()</step>
          <step pause="0.01">Triggers.SelectMappingByName("APC_MINI_MK1")</step>
          <step pause="0.01">Triggers.SetPendingTargetHardware("PlaybackTouch", Math.ToEnum("", "Avolites.Menus.MenuEventTypes", OnSelect), "PlaybackWindow", 49, "Touch")</step>
          <step pause="0.01">Triggers.AddSAcnTrigger(Triggers.SelectedMappingId, Triggers.PendingTriggerTarget, 101, 20, 1, false)</step>
          <step pause="0.01">Triggers.ClearPendingTrigger()</step>
          <step pause="0.01">Triggers.ClearSelectedMapping()</step>
          <step pause="0.01">Triggers.SelectMappingByName("APC_MINI_MK1")</step>
          <step pause="0.01">Triggers.SetPendingTargetHardware("PlaybackTouch", Math.ToEnum("", "Avolites.Menus.MenuEventTypes", OnSelect), "PlaybackWindow", 50, "Touch")</step>
          <step pause="0.01">Triggers.AddSAcnTrigger(Triggers.SelectedMappingId, Triggers.PendingTriggerTarget, 101, 21, 1, false)</step>
          <step pause="0.01">Triggers.ClearPendingTrigger()</step>
          <step pause="0.01">Triggers.ClearSelectedMapping()</step>
          <step pause="0.01">Triggers.SelectMappingByName("APC_MINI_MK1")</step>
          <step pause="0.01">Triggers.SetPendingTargetHardware("PlaybackTouch", Math.ToEnum("", "Avolites.Menus.MenuEventTypes", OnSelect), "PlaybackWindow", 51, "Touch")</step>
          <step pause="0.01">Triggers.AddSAcnTrigger(Triggers.SelectedMappingId, Triggers.PendingTriggerTarget, 101, 22, 1, false)</step>
          <step pause="0.01">Triggers.ClearPendingTrigger()</step>
          <step pause="0.01">Triggers.ClearSelectedMapping()</step>
          <step pause="0.01">Triggers.SelectMappingByName("APC_MINI_MK1")</step>
          <step pause="0.01">Triggers.SetPendingTargetHardware("PlaybackTouch", Math.ToEnum("", "Avolites.Menus.MenuEventTypes", OnSelect), "PlaybackWindow", 52, "Touch")</step>
          <step pause="0.01">Triggers.AddSAcnTrigger(Triggers.SelectedMappingId, Triggers.PendingTriggerTarget, 101, 23, 1, false)</step>
          <step pause="0.01">Triggers.ClearPendingTrigger()</step>
          <step pause="0.01">Triggers.ClearSelectedMapping()</step>
          <step pause="0.01">Triggers.SelectMappingByName("APC_MINI_MK1")</step>
          <step pause="0.01">Triggers.SetPendingTargetHardware("PlaybackTouch", Math.ToEnum("", "Avolites.Menus.MenuEventTypes", OnSelect), "PlaybackWindow", 53, "Touch")</step>
          <step pause="0.01">Triggers.AddSAcnTrigger(Triggers.SelectedMappingId, Triggers.PendingTriggerTarget, 101, 87, 1, false)</step>
          <step pause="0.01">Triggers.ClearPendingTrigger()</step>
          <step pause="0.01">Triggers.ClearSelectedMapping()</step>
          <step pause="0.01">Triggers.SelectMappingByName("APC_MINI_MK1")</step>
          <step pause="0.01">Triggers.SetPendingTargetHardware("PlaybackTouch", Math.ToEnum("", "Avolites.Menus.MenuEventTypes", OnSelect), "PlaybackWindow", 54, "Touch")</step>
          <step pause="0.01">Triggers.AddSAcnTrigger(Triggers.SelectedMappingId, Triggers.PendingTriggerTarget, 101, 8, 1, false)</step>
          <step pause="0.01">Triggers.ClearPendingTrigger()</step>
          <step pause="0.01">Triggers.ClearSelectedMapping()</step>
          <step pause="0.01">Triggers.SelectMappingByName("APC_MINI_MK1")</step>
          <step pause="0.01">Triggers.SetPendingTargetHardware("PlaybackTouch", Math.ToEnum("", "Avolites.Menus.MenuEventTypes", OnSelect), "PlaybackWindow", 55, "Touch")</step>
          <step pause="0.01">Triggers.AddSAcnTrigger(Triggers.SelectedMappingId, Triggers.PendingTriggerTarget, 101, 9, 1, false)</step>
          <step pause="0.01">Triggers.ClearPendingTrigger()</step>
          <step pause="0.01">Triggers.ClearSelectedMapping()</step>
          <step pause="0.01">Triggers.SelectMappingByName("APC_MINI_MK1")</step>
          <step pause="0.01">Triggers.SetPendingTargetHardware("PlaybackTouch", Math.ToEnum("", "Avolites.Menus.MenuEventTypes", OnSelect), "PlaybackWindow", 56, "Touch")</step>
          <step pause="0.01">Triggers.AddSAcnTrigger(Triggers.SelectedMappingId, Triggers.PendingTriggerTarget, 101, 10, 1, false)</step>
          <step pause="0.01">Triggers.ClearPendingTrigger()</step>
          <step pause="0.01">Triggers.ClearSelectedMapping()</step>
          <step pause="0.01">Triggers.SelectMappingByName("APC_MINI_MK1")</step>
          <step pause="0.01">Triggers.SetPendingTargetHardware("PlaybackTouch", Math.ToEnum("", "Avolites.Menus.MenuEventTypes", OnSelect), "PlaybackWindow", 57, "Touch")</step>
          <step pause="0.01">Triggers.AddSAcnTrigger(Triggers.SelectedMappingId, Triggers.PendingTriggerTarget, 101, 11, 1, false)</step>
          <step pause="0.01">Triggers.ClearPendingTrigger()</step>
          <step pause="0.01">Triggers.ClearSelectedMapping()</step>
          <step pause="0.01">Triggers.SelectMappingByName("APC_MINI_MK1")</step>
          <step pause="0.01">Triggers.SetPendingTargetHardware("PlaybackTouch", Math.ToEnum("", "Avolites.Menus.MenuEventTypes", OnSelect), "PlaybackWindow", 58, "Touch")</step>
          <step pause="0.01">Triggers.AddSAcnTrigger(Triggers.SelectedMappingId, Triggers.PendingTriggerTarget, 101, 12, 1, false)</step>
          <step pause="0.01">Triggers.ClearPendingTrigger()</step>
          <step pause="0.01">Triggers.ClearSelectedMapping()</step>
          <step pause="0.01">Triggers.SelectMappingByName("APC_MINI_MK1")</step>
          <step pause="0.01">Triggers.SetPendingTargetHardware("PlaybackTouch", Math.ToEnum("", "Avolites.Menus.MenuEventTypes", OnSelect), "PlaybackWindow", 59, "Touch")</step>
          <step pause="0.01">Triggers.AddSAcnTrigger(Triggers.SelectedMappingId, Triggers.PendingTriggerTarget, 101, 13, 1, false)</step>
          <step pause="0.01">Triggers.ClearPendingTrigger()</step>
          <step pause="0.01">Triggers.ClearSelectedMapping()</step>
          <step pause="0.01">Triggers.SelectMappingByName("APC_MINI_MK1")</step>
          <step pause="0.01">Triggers.SetPendingTargetHardware("PlaybackTouch", Math.ToEnum("", "Avolites.Menus.MenuEventTypes", OnSelect), "PlaybackWindow", 60, "Touch")</step>
          <step pause="0.01">Triggers.AddSAcnTrigger(Triggers.SelectedMappingId, Triggers.PendingTriggerTarget, 101, 14, 1, false)</step>
          <step pause="0.01">Triggers.ClearPendingTrigger()</step>
          <step pause="0.01">Triggers.ClearSelectedMapping()</step>
          <step pause="0.01">Triggers.SelectMappingByName("APC_MINI_MK1")</step>
          <step pause="0.01">Triggers.SetPendingTargetHardware("PlaybackTouch", Math.ToEnum("", "Avolites.Menus.MenuEventTypes", OnSelect), "PlaybackWindow", 61, "Touch")</step>
          <step pause="0.01">Triggers.AddSAcnTrigger(Triggers.SelectedMappingId, Triggers.PendingTriggerTarget, 101, 15, 1, false)</step>
          <step pause="0.01">Triggers.ClearPendingTrigger()</step>
          <step pause="0.01">Triggers.ClearSelectedMapping()</step>
          <step pause="0.01">Triggers.SelectMappingByName("APC_MINI_MK1")</step>
          <step pause="0.01">Triggers.SetPendingTargetHardware("PlaybackTouch", Math.ToEnum("", "Avolites.Menus.MenuEventTypes", OnSelect), "PlaybackWindow", 62, "Touch")</step>
          <step pause="0.01">Triggers.AddSAcnTrigger(Triggers.SelectedMappingId, Triggers.PendingTriggerTarget, 101, 88, 1, false)</step>
          <step pause="0.01">Triggers.ClearPendingTrigger()</step>
          <step pause="0.01">Triggers.ClearSelectedMapping()</step>
          <step pause="0.01">Triggers.SelectMappingByName("APC_MINI_MK1")</step>
          <step pause="0.01">Triggers.SetPendingTargetHardware("PlaybackSelect", Math.ToEnum("", "Avolites.Menus.MenuEventTypes", OnSelect), "Playbacks", 0, "Touch")</step>
          <step pause="0.01">Triggers.AddSAcnTrigger(Triggers.SelectedMappingId, Triggers.PendingTriggerTarget, 101, 0, 1, false)</step>
          <step pause="0.01">Triggers.ClearPendingTrigger()</step>
          <step pause="0.01">Triggers.ClearSelectedMapping()</step>
          <step pause="0.01">Triggers.SelectMappingByName("APC_MINI_MK1")</step>
          <step pause="0.01">Triggers.SetPendingTargetHardware("PlaybackSelect", Math.ToEnum("", "Avolites.Menus.MenuEventTypes", OnSelect), "Playbacks", 1, "Touch")</step>
          <step pause="0.01">Triggers.AddSAcnTrigger(Triggers.SelectedMappingId, Triggers.PendingTriggerTarget, 101, 1, 1, false)</step>
          <step pause="0.01">Triggers.ClearPendingTrigger()</step>
          <step pause="0.01">Triggers.ClearSelectedMapping()</step>
          <step pause="0.01">Triggers.SelectMappingByName("APC_MINI_MK1")</step>
          <step pause="0.01">Triggers.SetPendingTargetHardware("PlaybackSelect", Math.ToEnum("", "Avolites.Menus.MenuEventTypes", OnSelect), "Playbacks", 2, "Touch")</step>
          <step pause="0.01">Triggers.AddSAcnTrigger(Triggers.SelectedMappingId, Triggers.PendingTriggerTarget, 101, 2, 1, false)</step>
          <step pause="0.01">Triggers.ClearPendingTrigger()</step>
          <step pause="0.01">Triggers.ClearSelectedMapping()</step>
          <step pause="0.01">Triggers.SelectMappingByName("APC_MINI_MK1")</step>
          <step pause="0.01">Triggers.SetPendingTargetHardware("PlaybackSelect", Math.ToEnum("", "Avolites.Menus.MenuEventTypes", OnSelect), "Playbacks", 3, "Touch")</step>
          <step pause="0.01">Triggers.AddSAcnTrigger(Triggers.SelectedMappingId, Triggers.PendingTriggerTarget, 101, 3, 1, false)</step>
          <step pause="0.01">Triggers.ClearPendingTrigger()</step>
          <step pause="0.01">Triggers.ClearSelectedMapping()</step>
          <step pause="0.01">Triggers.SelectMappingByName("APC_MINI_MK1")</step>
          <step pause="0.01">Triggers.SetPendingTargetHardware("PlaybackSelect", Math.ToEnum("", "Avolites.Menus.MenuEventTypes", OnSelect), "Playbacks", 4, "Touch")</step>
          <step pause="0.01">Triggers.AddSAcnTrigger(Triggers.SelectedMappingId, Triggers.PendingTriggerTarget, 101, 4, 1, false)</step>
          <step pause="0.01">Triggers.ClearPendingTrigger()</step>
          <step pause="0.01">Triggers.ClearSelectedMapping()</step>
          <step pause="0.01">Triggers.SelectMappingByName("APC_MINI_MK1")</step>
          <step pause="0.01">Triggers.SetPendingTargetHardware("PlaybackSelect", Math.ToEnum("", "Avolites.Menus.MenuEventTypes", OnSelect), "Playbacks", 5, "Touch")</step>
          <step pause="0.01">Triggers.AddSAcnTrigger(Triggers.SelectedMappingId, Triggers.PendingTriggerTarget, 101, 5, 1, false)</step>
          <step pause="0.01">Triggers.ClearPendingTrigger()</step>
          <step pause="0.01">Triggers.ClearSelectedMapping()</step>
          <step pause="0.01">Triggers.SelectMappingByName("APC_MINI_MK1")</step>
          <step pause="0.01">Triggers.SetPendingTargetHardware("PlaybackSelect", Math.ToEnum("", "Avolites.Menus.MenuEventTypes", OnSelect), "Playbacks", 6, "Touch")</step>
          <step pause="0.01">Triggers.AddSAcnTrigger(Triggers.SelectedMappingId, Triggers.PendingTriggerTarget, 101, 6, 1, false)</step>
          <step pause="0.01">Triggers.ClearPendingTrigger()</step>
          <step pause="0.01">Triggers.ClearSelectedMapping()</step>
          <step pause="0.01">Triggers.SelectMappingByName("APC_MINI_MK1")</step>
          <step pause="0.01">Triggers.SetPendingTargetHardware("PlaybackSelect", Math.ToEnum("", "Avolites.Menus.MenuEventTypes", OnSelect), "Playbacks", 7, "Touch")</step>
          <step pause="0.01">Triggers.AddSAcnTrigger(Triggers.SelectedMappingId, Triggers.PendingTriggerTarget, 101, 7, 1, false)</step>
          <step pause="0.01">Triggers.ClearPendingTrigger()</step>
          <step pause="0.01">Triggers.ClearSelectedMapping()</step>
          <step pause="0.01">Triggers.SelectMappingByName("APC_MINI_MK1")</step>
          <step pause="0.01">Triggers.SetPendingTargetHardware("PlaybackSelect", Math.ToEnum("", "Avolites.Menus.MenuEventTypes", OnSelect), "Playbacks", 8, "Touch")</step>
          <step pause="0.01">Triggers.AddSAcnTrigger(Triggers.SelectedMappingId, Triggers.PendingTriggerTarget, 101, 89, 1, false)</step>
          <step pause="0.01">Triggers.ClearPendingTrigger()</step>
          <step pause="0.01">Triggers.ClearSelectedMapping()</step>
          <step pause="0.01">Triggers.SelectMappingByName("APC_MINI_MK1")</step>
          <step pause="0.01">Triggers.SetPendingTargetHardware("PlaybackFlash", Math.ToEnum("", "Avolites.Menus.MenuEventTypes", OnSelect), "Playbacks", 0, "Touch")</step>
          <step pause="0.01">Triggers.AddSAcnTrigger(Triggers.SelectedMappingId, Triggers.PendingTriggerTarget, 101, 64, 1, false)</step>
          <step pause="0.01">Triggers.ClearPendingTrigger()</step>
          <step pause="0.01">Triggers.ClearSelectedMapping()</step>
          <step pause="0.01">Triggers.SelectMappingByName("APC_MINI_MK1")</step>
          <step pause="0.01">Triggers.SetPendingTargetHardware("PlaybackFlash", Math.ToEnum("", "Avolites.Menus.MenuEventTypes", OnSelect), "Playbacks", 1, "Touch")</step>
          <step pause="0.01">Triggers.AddSAcnTrigger(Triggers.SelectedMappingId, Triggers.PendingTriggerTarget, 101, 65, 1, false)</step>
          <step pause="0.01">Triggers.ClearPendingTrigger()</step>
          <step pause="0.01">Triggers.ClearSelectedMapping()</step>
          <step pause="0.01">Triggers.SelectMappingByName("APC_MINI_MK1")</step>
          <step pause="0.01">Triggers.SetPendingTargetHardware("PlaybackFlash", Math.ToEnum("", "Avolites.Menus.MenuEventTypes", OnSelect), "Playbacks", 2, "Touch")</step>
          <step pause="0.01">Triggers.AddSAcnTrigger(Triggers.SelectedMappingId, Triggers.PendingTriggerTarget, 101, 66, 1, false)</step>
          <step pause="0.01">Triggers.ClearPendingTrigger()</step>
          <step pause="0.01">Triggers.ClearSelectedMapping()</step>
          <step pause="0.01">Triggers.SelectMappingByName("APC_MINI_MK1")</step>
          <step pause="0.01">Triggers.SetPendingTargetHardware("PlaybackFlash", Math.ToEnum("", "Avolites.Menus.MenuEventTypes", OnSelect), "Playbacks", 3, "Touch")</step>
          <step pause="0.01">Triggers.AddSAcnTrigger(Triggers.SelectedMappingId, Triggers.PendingTriggerTarget, 101, 67, 1, false)</step>
          <step pause="0.01">Triggers.ClearPendingTrigger()</step>
          <step pause="0.01">Triggers.ClearSelectedMapping()</step>
          <step pause="0.01">Triggers.SelectMappingByName("APC_MINI_MK1")</step>
          <step pause="0.01">Triggers.SetPendingTargetHardware("PlaybackFlash", Math.ToEnum("", "Avolites.Menus.MenuEventTypes", OnSelect), "Playbacks", 4, "Touch")</step>
          <step pause="0.01">Triggers.AddSAcnTrigger(Triggers.SelectedMappingId, Triggers.PendingTriggerTarget, 101, 68, 1, false)</step>
          <step pause="0.01">Triggers.ClearPendingTrigger()</step>
          <step pause="0.01">Triggers.ClearSelectedMapping()</step>
          <step pause="0.01">Triggers.SelectMappingByName("APC_MINI_MK1")</step>
          <step pause="0.01">Triggers.SetPendingTargetHardware("PlaybackFlash", Math.ToEnum("", "Avolites.Menus.MenuEventTypes", OnSelect), "Playbacks", 5, "Touch")</step>
          <step pause="0.01">Triggers.AddSAcnTrigger(Triggers.SelectedMappingId, Triggers.PendingTriggerTarget, 101, 69, 1, false)</step>
          <step pause="0.01">Triggers.ClearPendingTrigger()</step>
          <step pause="0.01">Triggers.ClearSelectedMapping()</step>
          <step pause="0.01">Triggers.SelectMappingByName("APC_MINI_MK1")</step>
          <step pause="0.01">Triggers.SetPendingTargetHardware("PlaybackFlash", Math.ToEnum("", "Avolites.Menus.MenuEventTypes", OnSelect), "Playbacks", 6, "Touch")</step>
          <step pause="0.01">Triggers.AddSAcnTrigger(Triggers.SelectedMappingId, Triggers.PendingTriggerTarget, 101, 70, 1, false)</step>
          <step pause="0.01">Triggers.ClearPendingTrigger()</step>
          <step pause="0.01">Triggers.ClearSelectedMapping()</step>
          <step pause="0.01">Triggers.SelectMappingByName("APC_MINI_MK1")</step>
          <step pause="0.01">Triggers.SetPendingTargetHardware("PlaybackFlash", Math.ToEnum("", "Avolites.Menus.MenuEventTypes", OnSelect), "Playbacks", 7, "Touch")</step>
          <step pause="0.01">Triggers.AddSAcnTrigger(Triggers.SelectedMappingId, Triggers.PendingTriggerTarget, 101, 71, 1, false)</step>
          <step pause="0.01">Triggers.ClearPendingTrigger()</step>
          <step pause="0.01">Triggers.ClearSelectedMapping()</step>
          <step pause="0.01">Triggers.SelectMappingByName("APC_MINI_MK1")</step>
          <step pause="0.01">Triggers.SetPendingTargetHardware("PlaybackFlash", Math.ToEnum("", "Avolites.Menus.MenuEventTypes", OnSelect), "Playbacks", 8, "Touch")</step>
          <step pause="0.01">Triggers.AddSAcnTrigger(Triggers.SelectedMappingId, Triggers.PendingTriggerTarget, 101, 98, 1, false)</step>
          <step pause="0.01">Triggers.ClearPendingTrigger()</step>
          <step pause="0.01">Triggers.ClearSelectedMapping()</step>
          <step pause="0.01">Triggers.SelectMappingByName("APC_MINI_MK1")</step>
          <step pause="0.01">Triggers.SetPendingTargetHardware("FaderMove.Fader.PlaybackFader", Math.ToEnum("", "Avolites.Menus.MenuEventTypes", "OnValueChanged"), "Playbacks", 0, "")</step>
          <step pause="0.01">Triggers.AddSAcnTrigger(Triggers.SelectedMappingId, Triggers.PendingTriggerTarget, 101, 147, 1, false)</step>
          <step pause="0.01">Triggers.ClearPendingTrigger()</step>
          <step pause="0.01">Triggers.ClearSelectedMapping()</step>
          <step pause="0.01">Triggers.SelectMappingByName("APC_MINI_MK1")</step>
          <step pause="0.01">Triggers.SetPendingTargetHardware("FaderMove.Fader.PlaybackFader", Math.ToEnum("", "Avolites.Menus.MenuEventTypes", "OnValueChanged"), "Playbacks", 1, "")</step>
          <step pause="0.01">Triggers.AddSAcnTrigger(Triggers.SelectedMappingId, Triggers.PendingTriggerTarget, 101, 148, 1, false)</step>
          <step pause="0.01">Triggers.ClearPendingTrigger()</step>
          <step pause="0.01">Triggers.ClearSelectedMapping()</step>
          <step pause="0.01">Triggers.SelectMappingByName("APC_MINI_MK1")</step>
          <step pause="0.01">Triggers.SetPendingTargetHardware("FaderMove.Fader.PlaybackFader", Math.ToEnum("", "Avolites.Menus.MenuEventTypes", "OnValueChanged"), "Playbacks", 2, "")</step>
          <step pause="0.01">Triggers.AddSAcnTrigger(Triggers.SelectedMappingId, Triggers.PendingTriggerTarget, 101, 149, 1, false)</step>
          <step pause="0.01">Triggers.ClearPendingTrigger()</step>
          <step pause="0.01">Triggers.ClearSelectedMapping()</step>
          <step pause="0.01">Triggers.SelectMappingByName("APC_MINI_MK1")</step>
          <step pause="0.01">Triggers.SetPendingTargetHardware("FaderMove.Fader.PlaybackFader", Math.ToEnum("", "Avolites.Menus.MenuEventTypes", "OnValueChanged"), "Playbacks", 3, "")</step>
          <step pause="0.01">Triggers.AddSAcnTrigger(Triggers.SelectedMappingId, Triggers.PendingTriggerTarget, 101, 150, 1, false)</step>
          <step pause="0.01">Triggers.ClearPendingTrigger()</step>
          <step pause="0.01">Triggers.ClearSelectedMapping()</step>
          <step pause="0.01">Triggers.SelectMappingByName("APC_MINI_MK1")</step>
          <step pause="0.01">Triggers.SetPendingTargetHardware("FaderMove.Fader.PlaybackFader", Math.ToEnum("", "Avolites.Menus.MenuEventTypes", "OnValueChanged"), "Playbacks", 4, "")</step>
          <step pause="0.01">Triggers.AddSAcnTrigger(Triggers.SelectedMappingId, Triggers.PendingTriggerTarget, 101, 151, 1, false)</step>
          <step pause="0.01">Triggers.ClearPendingTrigger()</step>
          <step pause="0.01">Triggers.ClearSelectedMapping()</step>
          <step pause="0.01">Triggers.SelectMappingByName("APC_MINI_MK1")</step>
          <step pause="0.01">Triggers.SetPendingTargetHardware("FaderMove.Fader.PlaybackFader", Math.ToEnum("", "Avolites.Menus.MenuEventTypes", "OnValueChanged"), "Playbacks", 5, "")</step>
          <step pause="0.01">Triggers.AddSAcnTrigger(Triggers.SelectedMappingId, Triggers.PendingTriggerTarget, 101, 152, 1, false)</step>
          <step pause="0.01">Triggers.ClearPendingTrigger()</step>
          <step pause="0.01">Triggers.ClearSelectedMapping()</step>
          <step pause="0.01">Triggers.SelectMappingByName("APC_MINI_MK1")</step>
          <step pause="0.01">Triggers.SetPendingTargetHardware("FaderMove.Fader.PlaybackFader", Math.ToEnum("", "Avolites.Menus.MenuEventTypes", "OnValueChanged"), "Playbacks", 6, "")</step>
          <step pause="0.01">Triggers.AddSAcnTrigger(Triggers.SelectedMappingId, Triggers.PendingTriggerTarget, 101, 153, 1, false)</step>
          <step pause="0.01">Triggers.ClearPendingTrigger()</step>
          <step pause="0.01">Triggers.ClearSelectedMapping()</step>
          <step pause="0.01">Triggers.SelectMappingByName("APC_MINI_MK1")</step>
          <step pause="0.01">Triggers.SetPendingTargetHardware("FaderMove.Fader.PlaybackFader", Math.ToEnum("", "Avolites.Menus.MenuEventTypes", "OnValueChanged"), "Playbacks", 7, "")</step>
          <step pause="0.01">Triggers.AddSAcnTrigger(Triggers.SelectedMappingId, Triggers.PendingTriggerTarget, 101, 154, 1, false)</step>
          <step pause="0.01">Triggers.ClearPendingTrigger()</step>
          <step pause="0.01">Triggers.ClearSelectedMapping()</step>
          <step pause="0.01">Triggers.SelectMappingByName("APC_MINI_MK1")</step>
          <step pause="0.01">Triggers.SetPendingTargetHardware("FaderMove.Fader.PlaybackFader", Math.ToEnum("", "Avolites.Menus.MenuEventTypes", "OnValueChanged"), "Playbacks", 8, "")</step>
          <step pause="0.01">Triggers.AddSAcnTrigger(Triggers.SelectedMappingId, Triggers.PendingTriggerTarget, 101, 155, 1, false)</step>
          <step pause="0.01">Triggers.ClearPendingTrigger()</step>
          <step pause="0.01">Triggers.ClearSelectedMapping()</step>
    </sequence>
  </macro>
</avolites.macros>
